metric,value
Multiple R,0.6852330020133792
R Square,0.4695442670482678
Adjusted R Square,0.46255539046128846
Standard Error,0.6556951786930482
Observations,770
